mess_id,active_duration,average_time_spent
88,8,1.126954533277539
89,8,1.2912604069819031
90,8,0.8326952737098298
91,8,1.1279175200317033
92,8,1.4818891458276071
93,8,0.6345193330772171
94,8,1.1253949401357075
